label_key,indicator,unit,period,note
Report,beds_occupied,beds,point,"patients occupying a bed at the end of the previous day; as_of_date set to report_date minus one day"
Report (Nombre de malades au lit à la fin de journée précédente),beds_occupied,beds,point,"same as Report; as_of_date is report_date minus one day"
Report (Nombre de malades présents au lit à la fin de journée précédente),beds_occupied,beds,point,"same as Report; as_of_date is report_date minus one day"
Report (Nombre de malades présents au lit à la fin de journeée précédente),beds_occupied,beds,point,"OCR spelling of journée; same as Report"
Report (Nbre de malades au lit à la fin de journeée précédente),beds_occupied,beds,point,"abbreviated wording, same meaning as Report"
Patients présents au lit (fin de journée J-1),beds_occupied,beds,point,"same as Patients au lit (J-1); as_of_date is report_date minus one day"
Patients au lit (J-1),beds_occupied,beds,point,"patients occupying a bed at the end of the previous day; as_of_date set to report_date minus one day"
(header bed count),beds_capacity,beds,point,"a facility column header sometimes carries the bed count in parentheses or as a trailing number, e.g. HGR BUNIA (12 Lits: 08 S et 03 C) or CT HEAL AFRICA (Nord-kivu) 19 lits; handled in code by extracting the number before lit/lits from the column header, not from a row label; confidence low because the count needed extracting from free text"
"(blank first row, facility bed counts)",beds_capacity,beds,point,"SitReps 006 and 006_v2 carry an unlabelled first data row holding bed counts per facility column, e.g. 28 lits, 126 Lits; handled in code by detecting a blank row label in the first data row of a facility table, not by this registry; confidence low because lits text needed stripping"
Nombre de lits,beds_capacity,beds,point,"as_of_date is the report date; this row only appears from SitRep 080 on, alongside Patients au lit (J-1)"
Taux d'occupation global,bed_occupancy_pct,percent,point,""
Taux d'occupation,bed_occupancy_pct,percent,point,"same indicator, shorter later wording"
Total en Isolement,patients_in_isolation,patients,point,""
Total en isolement,patients_in_isolation,patients,point,""
Malades en isolement Total,patients_in_isolation,patients,point,""
Effectif total en isolement,patients_in_isolation,patients,point,""
Malades Hospitalisés Total,patients_in_isolation,patients,point,"judgement: SitReps 013-014 call the same quantity Malades Hospitalisés rather than Malades en isolement; read as the same current-patients count, not a different indicator. Worth a second look."
Patients en isolement (Fin J),patients_in_isolation,patients,point,""
Patients en isolement (fin J),patients_in_isolation,patients,point,""
Patients en isolement (fin de journée),patients_in_isolation,patients,point,""
Total admissions (24h),admissions,patients,24h,""
Total admissions (24 h),admissions,patients,24h,""
Total admissions,admissions,patients,24h,"bare wording; period 24h where this is the only admissions total in the table (SitRep 018). From SitRep 064 the table also carries an explicit Total admissions (24 h) row and this bare row is roughly seven times its size, a running cumulative total: R/32_capacity_insp.R overrides period to cumulative wherever both rows appear in the same table"
Nouvelles Admissions Total,admissions,patients,24h,"combined PPL + Autres total, from the two-column SitRep 007 table"
Nouvelles Admissions du jour Total des nouvelles admissions du jour,admissions,patients,24h,""
Nouvelles Admissions du jour Total admissions du jour,admissions,patients,24h,""
Total des nouvelles admissions du jour,admissions,patients,24h,""
Total admissions (cumul),admissions,patients,cumulative,""
Cumul de malades admis en isolement,admissions,patients,cumulative,"judgement: read as a cumulative admissions count to isolation, not a distinct indicator. Worth a second look."
Sorties Guéris,discharges_recovered,patients,24h,""
Sorties Guéris (24h),discharges_recovered,patients,24h,""
Sorties (24h) Guéris,discharges_recovered,patients,24h,""
Sorties (24h): Guéris,discharges_recovered,patients,24h,""
Sorties — guéris,discharges_recovered,patients,24h,""
Sorties Décédés,deaths_in_facility,patients,24h,""
Sorties décédés,deaths_in_facility,patients,24h,""
Sorties (24h) Décédés (Suspects/Conf.),deaths_in_facility,patients,24h,""
Sorties (24h) Décédés (Suspects/Conf),deaths_in_facility,patients,24h,"truncated wording seen once, same combined figure"
Sorties (24h): Décédés,deaths_in_facility,patients,24h,""
Sorties — décédés,deaths_in_facility,patients,24h,""
Sorties Cumul des décès,deaths_in_facility,patients,cumulative,""
Sorties Cumul de décès,deaths_in_facility,patients,cumulative,"combined label from the two-column SitRep 007 table"
Sorties Evadés,escapes,patients,24h,""
Sorties Évadés,escapes,patients,24h,""
Sorties (24h) Évadés (Suspects/Conf.),escapes,patients,24h,""
Sorties (24h) Évadés (Suspects/Conf,escapes,patients,24h,"a parenthesis was dropped by extraction; same combined figure"
"Sorties (24h) Évadés (Suspects/Conf,)",escapes,patients,24h,"a comma stands in for the closing period; same combined figure"
"Sorties (24h) Décédés (Suspects/Conf,)",deaths_in_facility,patients,24h,"a comma stands in for the closing period; same combined figure"
Sorties (24h): Évadés,escapes,patients,24h,""
Sorties — évadés,escapes,patients,24h,""
dont suspects,,,,"a breakdown of a total already mapped elsewhere (patients_in_isolation), not a total in its own right"
dont confirmés (NC+AC),,,,"a breakdown of a total already mapped elsewhere, not a total in its own right"
dont confirmés,,,,"a breakdown of a total already mapped elsewhere, not a total in its own right"
dont confirmés (NC + AC),,,,"a breakdown of a total already mapped elsewhere, not a total in its own right"
Patients en isolement (fin J) dont suspects,,,,"breakdown by case status, not a total"
Patients en isolement (fin J) dont confirmés,,,,"breakdown by case status, not a total"
Patients en isolement (Fin J) dont suspects,,,,"breakdown by case status, not a total"
Patients en isolement (Fin J) dont confirmés (NC+AC),,,,"breakdown by case status, not a total"
Patients en isolement (fin de journée) Suspects enfants de < 5 ans*,,,,"breakdown by age and case status, not a total"
Patients en isolement (fin de journée) Nouveaux cas confirmés (NC),,,,"breakdown by case status, not a total"
Patients en isolement (fin de journée) Anciens cas confirmés (AC),,,,"breakdown by case status, not a total"
Patients en isolement (fin de journée) Cas suspects,,,,"breakdown by case status, not a total"
Sorties (24h) Non-cas / Guéris,,,,"combined non-case and recovered discharges in one row; the brief is explicit that a combined row like this does not map, only a Guéris row on its own does"
Sorties (24h) Non-cas,,,,"non-case discharges are not in the fixed vocabulary"
Sorties (24h) Non cas,,,,"non-case discharges are not in the fixed vocabulary"
Sorties — non-cas,,,,"non-case discharges are not in the fixed vocabulary"
Sorties Non Cas,,,,"non-case discharges are not in the fixed vocabulary"
Sorties Non cas,,,,"non-case discharges are not in the fixed vocabulary"
Sorties Non-cas,,,,"non-case discharges are not in the fixed vocabulary"
"Sorties (24h): Non-cas",,,,"non-case discharges are not in the fixed vocabulary"
Sorties (24h) Transférés à l'HGR,,,,"a transfer between facilities is not in the fixed vocabulary"
Sorties Transférés à l'HGR,,,,"a transfer between facilities is not in the fixed vocabulary"
Sorties Transférés à HGR,,,,"a transfer between facilities is not in the fixed vocabulary"
Sorties Transférés,,,,"a transfer between facilities is not in the fixed vocabulary"
Sorties — transférés à l'HGR,,,,"a transfer between facilities is not in the fixed vocabulary"
Total sorties,,,,"sum across discharge types (recovered, deaths, non-case, escapes, transfers); not itself one vocabulary indicator"
Total sorties (24 h),,,,"sum across discharge types; not itself one vocabulary indicator"
Sorties (24h) Total sorties,,,,"sum across discharge types; not itself one vocabulary indicator"
Nouvelles Admissions du jour PPL,,,,"a breakdown of admissions by category (personnel/PPL), not a combined total"
Nouvelles Admissions du jour Autres,,,,"a breakdown of admissions by category, not a combined total"
Nouvelles Admissions PPL,,,,"a breakdown of admissions by category, not a combined total"
Nouvelles Admissions Autres,,,,"a breakdown of admissions by category, not a combined total"
Nouvelles PPL,,,,"a breakdown of admissions by category, not a combined total"
Admissions Autres,,,,"a breakdown of admissions by category, not a combined total"
Admissions (24h) Admissions PPL,,,,"a breakdown of admissions by category, not a combined total"
Admissions (24h) Admissions autres,,,,"a breakdown of admissions by category, not a combined total"
Malades en isolement Suspects,,,,"breakdown by case status, not a total"
Malades en isolement Suspect Enfant < 5 ans,,,,"breakdown by age and case status, not a total"
Malades en isolement NC confirmés,,,,"breakdown by case status, not a total"
Malades en isolement AC confirmés,,,,"breakdown by case status, not a total"
Malades en isolement Dont prélevés,,,,"breakdown, not a total; combined label from the two-column SitRep 007 table"
Malades en isolement Dont sévères/critiques,,,,"breakdown, not a total; combined label from the two-column SitRep 007 table"
Malades en isolement Dont Femmes enceintes,,,,"breakdown, not a total; combined label from the two-column SitRep 007 table"
Malades en isolement Dont Femmes allaitantes,,,,"breakdown, not a total; combined label from the two-column SitRep 007 table"
Malades en isolement Dont Suspect Enfant < 5 ans,,,,"breakdown, not a total; combined label from the two-column SitRep 007 table"
Malades en isolement 5 à 14 ans,,,,"breakdown, not a total; combined label from the two-column SitRep 007 table"
Malades en isolement Total cas confirmés,,,,"breakdown by case status, not the overall total; combined label from the two-column SitRep 007 table"
Malades en isolement Dont Nouveaux cas Confirmés,,,,"breakdown, not a total; combined label from the two-column SitRep 007 table"
Malades en isolement Dont AC Confirmés,,,,"breakdown, not a total; combined label from the two-column SitRep 007 table"
Malades en isolement Dont avec comorbidités,,,,"breakdown, not a total; combined label from the two-column SitRep 007 table"
Malades Hospitalisés Suspects,,,,"breakdown by case status, not a total"
Malades Hospitalisés Suspect < 5 ans,,,,"breakdown by age and case status, not a total"
Malades Hospitalisés Nvx Cas Confirmés,,,,"breakdown by case status, not a total"
Malades Hospitalisés Anciens Cas Confirmés,,,,"breakdown by case status, not a total"
Sorties (24h) Décédés suspects,,,,"a breakdown by case status seen once, with no matching combined row in the same table; cannot be summed with confirmés without guessing"
Sorties (24h) Décédés confirmés,,,,"a breakdown by case status seen once, with no matching combined row in the same table; cannot be summed with suspects without guessing"
Sorties (24h) Évadés confirmés,,,,"a breakdown by case status seen once, with no matching combined row in the same table; cannot be summed with suspects without guessing"
Taux d'occupation de lit Suspects,,,,"occupancy split by case status rather than an overall rate; SitReps 013-014 give per-facility fractions like 11/12(91,6%), not a single clean percent, and give no separate overall occupancy row. Worth a second look if the TOTAL et Tx d'occup column is wanted."
Taux d'occupation de lit Confirmés,,,,"occupancy split by case status rather than an overall rate; see note on the Suspects row"
Taux d’occupation de lit Suspects,,,,"same as Taux d'occupation de lit Suspects; curly apostrophe from extraction"
Taux d’occupation de lit Confirmés,,,,"same as Taux d'occupation de lit Confirmés; curly apostrophe from extraction"
