indicator,period,insp_date,afro_date,insp_value,afro_value,diff,ratio
admissions,cumulative,2026-05-23,2026-05-24,270,281,-11,0.96085409252669
admissions,cumulative,2026-05-24,2026-05-24,281,281,0,1
bed_occupancy_pct,point,2026-06-11,2026-06-14,69.7,83.8,-14.1,0.831742243436754
bed_occupancy_pct,point,2026-06-13,2026-06-14,82.9,83.8,-0.899999999999992,0.989260143198091
bed_occupancy_pct,point,2026-06-14,2026-06-14,83.8,83.8,0,1
bed_occupancy_pct,point,2026-06-15,2026-06-14,86.8,83.8,3,1.03579952267303
bed_occupancy_pct,point,2026-06-16,2026-06-14,87.5,83.8,3.7,1.04415274463007
bed_occupancy_pct,point,2026-06-17,2026-06-14,93.6,83.8,9.8,1.11694510739857
bed_occupancy_pct,point,2026-06-18,2026-06-21,94.3,82.8,11.5,1.13888888888889
bed_occupancy_pct,point,2026-06-19,2026-06-21,88.3,82.8,5.5,1.06642512077295
bed_occupancy_pct,point,2026-06-20,2026-06-21,82.8,82.8,0,1
bed_occupancy_pct,point,2026-06-21,2026-06-21,84.1,82.8,1.3,1.01570048309179
bed_occupancy_pct,point,2026-06-22,2026-06-21,76.8,82.8,-6,0.927536231884058
bed_occupancy_pct,point,2026-06-23,2026-06-21,81,82.8,-1.8,0.978260869565217
bed_occupancy_pct,point,2026-06-24,2026-06-21,74.9,82.8,-7.89999999999999,0.904589371980676
bed_occupancy_pct,point,2026-06-25,2026-06-28,80.7,96.2,-15.5,0.838877338877339
bed_occupancy_pct,point,2026-06-27,2026-06-28,96.7,96.2,0.5,1.00519750519751
bed_occupancy_pct,point,2026-06-29,2026-06-28,92.7,96.2,-3.5,0.963617463617464
bed_occupancy_pct,point,2026-07-02,2026-07-05,89.4,94.2,-4.8,0.949044585987261
bed_occupancy_pct,point,2026-07-05,2026-07-05,94.2,94.2,0,1
bed_occupancy_pct,point,2026-07-06,2026-07-05,84.1,94.2,-10.1,0.892781316348195
bed_occupancy_pct,point,2026-07-07,2026-07-05,94,94.2,-0.200000000000003,0.997876857749469
bed_occupancy_pct,point,2026-07-08,2026-07-05,95.3,94.2,1.09999999999999,1.01167728237792
bed_occupancy_pct,point,2026-07-09,2026-07-12,100.3,88.3,12,1.13590033975085
bed_occupancy_pct,point,2026-07-10,2026-07-12,95.1,88.3,6.8,1.07701019252548
bed_occupancy_pct,point,2026-07-11,2026-07-12,93.9,88.3,5.60000000000001,1.0634201585504
bed_occupancy_pct,point,2026-07-12,2026-07-12,88.3,88.3,0,1
bed_occupancy_pct,point,2026-07-13,2026-07-12,87.4,88.3,-0.899999999999992,0.989807474518686
bed_occupancy_pct,point,2026-07-14,2026-07-12,87.4,88.3,-0.899999999999992,0.989807474518686
bed_occupancy_pct,point,2026-07-15,2026-07-12,85.6,88.3,-2.7,0.969422423556059
bed_occupancy_pct,point,2026-07-18,2026-07-19,84.5,87.3,-2.8,0.967926689576174
bed_occupancy_pct,point,2026-07-19,2026-07-19,78.2,87.3,-9.09999999999999,0.895761741122566
bed_occupancy_pct,point,2026-07-20,2026-07-19,86.7,87.3,-0.599999999999994,0.993127147766323
bed_occupancy_pct,point,2026-07-21,2026-07-19,86.9,87.3,-0.399999999999991,0.995418098510882
bed_occupancy_pct,point,2026-07-22,2026-07-19,84.1,87.3,-3.2,0.963344788087056
bed_occupancy_pct,point,2026-07-23,2026-07-26,89.1,76.8,12.3,1.16015625
bed_occupancy_pct,point,2026-07-24,2026-07-26,88.8,76.8,12,1.15625
bed_occupancy_pct,point,2026-07-25,2026-07-26,82.1,76.8,5.3,1.06901041666667
bed_occupancy_pct,point,2026-07-26,2026-07-26,76.8,76.8,0,1
bed_occupancy_pct,point,2026-07-27,2026-07-26,77.3,76.8,0.5,1.00651041666667
bed_occupancy_pct,point,2026-07-30,2026-08-02,71.3,72.4,-1.10000000000001,0.984806629834254
bed_occupancy_pct,point,2026-07-31,2026-08-02,72.4,72.4,0,1
bed_occupancy_pct,point,2026-08-01,2026-08-02,65.7,72.4,-6.7,0.907458563535912
beds_capacity,point,2026-07-15,2026-07-12,846,750,96,1.128
beds_capacity,point,2026-07-17,2026-07-19,841,841,0,1
beds_capacity,point,2026-07-18,2026-07-19,857,841,16,1.01902497027348
beds_capacity,point,2026-07-19,2026-07-19,939,841,98,1.11652794292509
beds_capacity,point,2026-07-20,2026-07-19,850,841,9,1.01070154577883
beds_capacity,point,2026-07-21,2026-07-19,849,841,8,1.00951248513674
beds_capacity,point,2026-07-22,2026-07-19,858,841,17,1.02021403091558
beds_capacity,point,2026-07-23,2026-07-26,860,941,-81,0.913921360255048
beds_capacity,point,2026-07-24,2026-07-26,850,941,-91,0.903294367693943
beds_capacity,point,2026-07-25,2026-07-26,941,941,0,1
beds_capacity,point,2026-07-26,2026-07-26,941,941,0,1
beds_capacity,point,2026-07-27,2026-07-26,949,941,8,1.00850159404888
beds_capacity,point,2026-07-30,2026-08-02,1049,1050,-1,0.999047619047619
beds_capacity,point,2026-07-31,2026-08-02,1050,1050,0,1
beds_capacity,point,2026-08-01,2026-08-02,1050,1050,0,1
discharges_recovered,24h,2026-06-18,2026-06-21,2,12,-10,0.166666666666667
discharges_recovered,24h,2026-06-19,2026-06-21,12,12,0,1
discharges_recovered,24h,2026-06-20,2026-06-21,8,12,-4,0.666666666666667
discharges_recovered,24h,2026-06-21,2026-06-21,12,12,0,1
discharges_recovered,24h,2026-06-22,2026-06-21,3,12,-9,0.25
discharges_recovered,24h,2026-06-23,2026-06-21,7,12,-5,0.583333333333333
discharges_recovered,24h,2026-06-24,2026-06-21,16,12,4,1.33333333333333
patients_in_isolation,point,2026-05-21,2026-05-24,165,133,32,1.2406015037594
patients_in_isolation,point,2026-05-22,2026-05-24,147,133,14,1.10526315789474
patients_in_isolation,point,2026-05-23,2026-05-24,141,133,8,1.06015037593985
patients_in_isolation,point,2026-05-24,2026-05-24,133,133,0,1
patients_in_isolation,point,2026-05-29,2026-05-31,95,342,-247,0.277777777777778
patients_in_isolation,point,2026-05-30,2026-05-31,142,342,-200,0.415204678362573
patients_in_isolation,point,2026-05-31,2026-05-31,129,342,-213,0.37719298245614
patients_in_isolation,point,2026-06-01,2026-05-31,173,342,-169,0.505847953216374
patients_in_isolation,point,2026-06-02,2026-05-31,206,342,-136,0.60233918128655
patients_in_isolation,point,2026-06-03,2026-05-31,233,342,-109,0.681286549707602
patients_in_isolation,point,2026-06-04,2026-06-07,258,309,-51,0.83495145631068
patients_in_isolation,point,2026-06-05,2026-06-07,267,309,-42,0.864077669902913
patients_in_isolation,point,2026-06-06,2026-06-07,283,309,-26,0.915857605177994
patients_in_isolation,point,2026-06-07,2026-06-07,309,309,0,1
patients_in_isolation,point,2026-06-08,2026-06-07,297,309,-12,0.961165048543689
patients_in_isolation,point,2026-06-09,2026-06-07,260,309,-49,0.841423948220065
patients_in_isolation,point,2026-06-10,2026-06-07,262,309,-47,0.84789644012945
patients_in_isolation,point,2026-06-11,2026-06-14,315,363,-48,0.867768595041322
patients_in_isolation,point,2026-06-13,2026-06-14,359,363,-4,0.988980716253444
patients_in_isolation,point,2026-06-14,2026-06-14,363,363,0,1
patients_in_isolation,point,2026-06-15,2026-06-14,376,363,13,1.03581267217631
patients_in_isolation,point,2026-06-16,2026-06-14,379,363,16,1.04407713498623
patients_in_isolation,point,2026-06-17,2026-06-14,383,363,20,1.05509641873278
patients_in_isolation,point,2026-06-18,2026-06-21,416,371,45,1.12129380053908
patients_in_isolation,point,2026-06-19,2026-06-21,361,371,-10,0.973045822102426
patients_in_isolation,point,2026-06-20,2026-06-21,365,371,-6,0.983827493261456
patients_in_isolation,point,2026-06-21,2026-06-21,371,371,0,1
patients_in_isolation,point,2026-06-22,2026-06-21,387,371,16,1.04312668463612
patients_in_isolation,point,2026-06-23,2026-06-21,408,371,37,1.09973045822102
patients_in_isolation,point,2026-06-24,2026-06-21,385,371,14,1.0377358490566
patients_in_isolation,point,2026-06-25,2026-06-28,419,615,-196,0.68130081300813
patients_in_isolation,point,2026-06-27,2026-06-28,502,615,-113,0.816260162601626
patients_in_isolation,point,2026-06-29,2026-06-28,609,615,-6,0.990243902439024
patients_in_isolation,point,2026-07-02,2026-07-05,628,646,-18,0.972136222910217
patients_in_isolation,point,2026-07-05,2026-07-05,646,646,0,1
patients_in_isolation,point,2026-07-06,2026-07-05,680,646,34,1.05263157894737
patients_in_isolation,point,2026-07-07,2026-07-05,750,646,104,1.1609907120743
patients_in_isolation,point,2026-07-08,2026-07-05,764,646,118,1.18266253869969
patients_in_isolation,point,2026-07-09,2026-07-12,780,736,44,1.05978260869565
patients_in_isolation,point,2026-07-10,2026-07-12,763,736,27,1.0366847826087
patients_in_isolation,point,2026-07-11,2026-07-12,753,736,17,1.02309782608696
patients_in_isolation,point,2026-07-12,2026-07-12,736,736,0,1
patients_in_isolation,point,2026-07-13,2026-07-12,753,736,17,1.02309782608696
patients_in_isolation,point,2026-07-14,2026-07-12,736,736,0,1
patients_in_isolation,point,2026-07-15,2026-07-12,725,736,-11,0.985054347826087
patients_in_isolation,point,2026-07-17,2026-07-19,722,734,-12,0.983651226158038
patients_in_isolation,point,2026-07-18,2026-07-19,724,734,-10,0.986376021798365
patients_in_isolation,point,2026-07-19,2026-07-19,734,734,0,1
patients_in_isolation,point,2026-07-20,2026-07-19,737,734,3,1.00408719346049
patients_in_isolation,point,2026-07-21,2026-07-19,738,734,4,1.00544959128065
patients_in_isolation,point,2026-07-22,2026-07-19,722,734,-12,0.983651226158038
patients_in_isolation,point,2026-07-23,2026-07-26,766,723,43,1.05947441217151
patients_in_isolation,point,2026-07-24,2026-07-26,755,723,32,1.04426002766252
patients_in_isolation,point,2026-07-25,2026-07-26,773,723,50,1.06915629322268
patients_in_isolation,point,2026-07-26,2026-07-26,723,723,0,1
patients_in_isolation,point,2026-07-27,2026-07-26,733,723,10,1.01383125864454
patients_in_isolation,point,2026-07-30,2026-08-02,748,707,41,1.05799151343706
patients_in_isolation,point,2026-07-31,2026-08-02,760,707,53,1.07496463932108
patients_in_isolation,point,2026-08-01,2026-08-02,690,707,-17,0.975954738330976
beds_capacity (facility sum vs national),point,006,,177,,,
beds_capacity (facility sum vs national),point,006_v2,,177,,,
beds_capacity (facility sum vs national),point,013,,116,,,
beds_capacity (facility sum vs national),point,014,,116,,,
